,10,20,40,80
108 -> 115 -> 98  -> 102 -> 97 ,23723.96311989106,23752.25544776923,23843.98975922598,25043.57313226926
115 -> 108 -> 98  -> 102 -> 97 ,24455.22998707125,24464.87849028066,24512.587364959945,25733.67176499633
98  -> 115 -> 108 -> 114 -> 97 ,24565.697762215575,24582.983718340045,24687.77643834875,25828.65687407365
108 -> 114 -> 97  -> 115 -> 104,24738.08517074668,24747.597316411593,25028.585362351074,26032.69384490254
107 -> 113 -> 103 -> 109 -> 104,24779.7914016867,24795.336083843213,24870.283706539245,25503.774702532337
108 -> 114 -> 97  -> 115 -> 102,24799.412882504355,24844.112372892698,25145.201427056774,25934.528368366104
98  -> 108 -> 114 -> 97  -> 115,25051.364083250308,25057.82768617024,25057.82768617024,26174.849177171305
102 -> 114 -> 99  -> 115 -> 108,25362.152959415384,25382.853766329074,25432.58832043974,26233.39155615357
103 -> 113 -> 107 -> 98  -> 96 ,25853.940105174464,25886.004267431126,25972.66072298604,27141.23087289782
98  -> 115 -> 108 -> 97  -> 114,25864.540205186222,25886.111414582403,25958.418418136804,27138.39175602293
103 -> 113 -> 107 -> 96  -> 98 ,25881.817992703123,25890.91552020931,25952.500550618126,26968.46688912179
99  -> 104 -> 111 -> 100 -> 109,26255.627572135887,26293.798332220013,26350.246569374343,27181.909105509883
106 -> 108 -> 114 -> 97  -> 115,26275.508735345527,26297.28091341175,26558.410391435,26915.096171072386
114 -> 115 -> 98  -> 102 -> 97 ,26418.863132630075,26442.28663064928,26442.28663064928,27705.716604207904
98  -> 108 -> 97  -> 114 -> 115,27033.977740369453,27040.277073671048,27142.447436921953,28427.09641319774
104 -> 107 -> 109 -> 113 -> 112,27191.33343821142,27273.629119766112,27332.25276056286,29078.18828445556
96  -> 108 -> 114 -> 97  -> 115,27252.75473782653,27267.478251848446,27482.05727156911,28172.083862629057
112 -> 113 -> 103 -> 109 -> 104,27284.56864252727,27299.0310749845,27368.090474343102,27916.409215788866
108 -> 97  -> 114 -> 115 -> 104,27342.966582648318,27377.6419746582,27541.395756477716,29121.651120693343
96  -> 112 -> 113 -> 103 -> 109,27595.978583982687,27635.19276580558,27712.18969029974,28500.354917739285
108 -> 97  -> 114 -> 115 -> 102,27706.871391470857,27748.594631295447,27808.495137629558,28998.043867386055
98  -> 109 -> 100 -> 111 -> 99 ,27795.61058515355,27802.214218697118,27979.846453093298,28999.828465350685
109 -> 113 -> 107 -> 98  -> 96 ,27808.996492550148,27822.747240523662,27831.468470214764,29488.71587823184
114 -> 108 -> 98  -> 102 -> 97 ,27863.274766432467,27881.62720701406,27927.0934578553,28865.166288223554
103 -> 113 -> 98  -> 96  -> 107,27917.13705848024,27955.48973647361,28044.15725063485,29132.395843040744
115 -> 114 -> 98  -> 102 -> 97 ,27959.07606221849,27988.2301802976,28052.15622156577,29055.41251358122
108 -> 114 -> 97  -> 115 -> 109,28014.897640595736,28073.834197512908,28286.134832777556,30775.21087803069
103 -> 102 -> 113 -> 111 -> 100,28046.604885335644,28107.78125905707,28668.040346399324,31005.766339497168
103 -> 113 -> 98  -> 107 -> 96 ,28143.199001042274,28189.573209817485,28250.693763807187,29266.660102310856
109 -> 113 -> 107 -> 96  -> 98 ,28144.647566662294,28178.372306528516,28210.992190042656,29783.04219799216
104 -> 111 -> 100 -> 109 -> 99 ,28169.257889758643,28180.28973229597,28255.910014709967,28927.20000398589
108 -> 114 -> 97  -> 115 -> 107,28194.74917265898,28288.507041535406,28513.25827282895,30392.333150375187
102 -> 114 -> 115 -> 99  -> 113,28208.925750226706,28208.925750226706,28417.250337914393,30582.152417498677
108 -> 114 -> 98  -> 102 -> 97 ,28405.80710456146,28426.015028907474,28478.372246050265,29107.863445933282
96  -> 112 -> 113 -> 109 -> 103,28409.53815901767,28439.779405536505,28442.441947807456,29557.370069746572
115 -> 108 -> 114 -> 102 -> 97 ,28458.668034838258,28499.90279717562,28505.005999431793,29763.31070088504
108 -> 115 -> 114 -> 102 -> 97 ,28473.93801036589,28513.361738992193,28577.113392775587,29835.418094228837
96  -> 113 -> 103 -> 109 -> 104,28605.716536299427,28605.716536299427,28769.15215686903,29803.6122069985
102 -> 113 -> 104 -> 111 -> 100,28648.866285269054,28662.76175674035,28890.656941991598,29519.22692668582
104 -> 109 -> 107 -> 113 -> 112,28670.999106635114,28704.306084091044,28813.89709329546,30653.61677931291
98  -> 109 -> 100 -> 99  -> 111,28747.527548885584,28781.58346901898,28956.442021022584,29903.179269233377
102 -> 114 -> 97  -> 108 -> 115,28750.01401954883,28762.216568122127,28762.216568122127,30213.970915406513
102 -> 114 -> 108 -> 97  -> 115,28751.27815084991,28792.804469406652,28943.994245371676,30823.60876413477
98  -> 108 -> 114 -> 115 -> 97 ,28882.152949260024,28911.708621896083,28951.726119599713,31029.20952723432
112 -> 102 -> 113 -> 111 -> 100,28897.43396113431,29042.93599014763,29530.899298803037,32249.07271085397
108 -> 115 -> 98  -> 97  -> 102,29014.206589017296,29022.22751134483,29022.22751134483,31275.806888617266
115 -> 108 -> 98  -> 114 -> 99 ,29023.282809647593,29029.325617276932,29137.74620845212,29774.417827966296
106 -> 108 -> 97  -> 114 -> 115,29044.577825614408,29089.28414834397,29114.953199055824,29812.26630238254
108 -> 113 -> 100 -> 114 -> 102,29059.808813357417,29079.125931126648,29355.924366424508,31500.403767303284
108 -> 114 -> 97  -> 115 -> 98 ,29070.117719422702,29164.678058057638,29486.52676926183,31637.887657756637
107 -> 109 -> 113 -> 103 -> 104,29082.86819966944,29114.959964990478,29298.68244991189,29811.16307553644
106 -> 100 -> 99  -> 104 -> 111,29096.824713415903,29097.68401303917,29205.353751496128,30307.85265338031
108 -> 103 -> 115 -> 107 -> 102,29111.912765027173,29136.4900109399,29303.431942454725,30122.817187619272
108 -> 115 -> 98  -> 114 -> 99 ,29115.486053664776,29135.17023902347,29241.767519284436,29676.674222411988
107 -> 113 -> 103 -> 104 -> 109,29187.417345884805,29215.786712464444,29305.765188528694,30236.501216533994
112 -> 96  -> 113 -> 103 -> 109,29194.187944327026,29194.187944327026,29401.905409601553,30912.74455665616
98  -> 102 -> 97  -> 115 -> 108,29290.40104544309,29316.45392677839,29422.137603294686,30999.944166841648
102 -> 97  -> 115 -> 98  -> 96 ,29314.16815791795,29357.87773105259,29423.04106054994,31185.516140256954
115 -> 108 -> 114 -> 97  -> 102,29314.911067130924,29324.330659878586,29330.884342834783,30486.85085466893
104 -> 115 -> 108 -> 114 -> 97 ,29327.052708953623,29365.098553167314,29524.632487002084,30451.051263793386
106 -> 108 -> 114 -> 115 -> 97 ,29381.566308123376,29401.030809210726,29629.129116315395,30533.459411557826
113 -> 103 -> 109 -> 104 -> 107,29383.46744736867,29387.321997473293,29528.193474051306,30604.01242660681
108 -> 114 -> 111 -> 100 -> 109,29450.941264571342,29475.707453082552,29569.2437022414,31587.313119751983
104 -> 111 -> 100 -> 109 -> 97 ,29476.419515193345,29510.47798838884,29579.17873064235,30997.857272680507
100 -> 114 -> 99  -> 115 -> 108,29482.165435348383,29509.075685535732,29600.166664727025,30573.842564377082
113 -> 108 -> 100 -> 114 -> 102,29550.498916610955,29619.814155411892,29718.075138443586,33110.77620823863
96  -> 108 -> 103 -> 107 -> 115,29561.87130931497,29567.468355032994,29603.712074629835,31646.68574823348
104 -> 99  -> 111 -> 100 -> 109,29583.049361994315,29592.229415698228,29922.541006806183,30555.848271936422
115 -> 108 -> 98  -> 99  -> 114,29584.944803478473,29621.374250082976,29701.247122915313,30428.15767334872
102 -> 103 -> 113 -> 111 -> 100,29629.509772909347,29666.988799657793,29804.577825353663,31735.456424693715
113 -> 103 -> 109 -> 107 -> 96 ,29637.151564459986,29683.605615315522,29825.370805397593,31177.615238224418
113 -> 107 -> 103 -> 109 -> 104,29743.4540897824,29761.72454331861,29892.142932512397,30930.97855198946
115 -> 108 -> 114 -> 98  -> 102,29748.60373210795,29761.75094838221,29882.35782506212,30722.32139206361
108 -> 115 -> 98  -> 99  -> 114,29750.901492698107,29787.827718613946,29901.69272850774,30330.41406779441
108 -> 115 -> 114 -> 98  -> 102,29752.082199336324,29766.15743116673,29837.162898967905,30660.349263204775
103 -> 109 -> 104 -> 107 -> 96 ,29792.829420892973,29817.00154967593,29836.303055874516,30951.884709787497
106 -> 107 -> 113 -> 103 -> 109,29795.48676519376,29833.529484451257,29957.26045120634,31115.150142022503
103 -> 107 -> 115 -> 108 -> 102,29845.51812898483,29866.802333282685,29915.24431264292,31338.70410394267
115 -> 108 -> 98  -> 97  -> 102,29859.13869648154,29864.348260037412,29864.348260037412,31962.158202830917
99  -> 115 -> 108 -> 114 -> 102,29859.632785607864,29859.632785607864,30053.655558007657,31445.177229772133
99  -> 98  -> 102 -> 97  -> 115,29905.10122247407,29926.65233551259,30039.098636796905,31400.916352666107
100 -> 99  -> 104 -> 111 -> 109,29909.660690187055,29909.660690187055,29947.93609304755,31249.052616254085
99  -> 104 -> 100 -> 111 -> 109,30072.707869194204,30115.139342530012,30257.89980175253,31168.979019636416
106 -> 100 -> 99  -> 111 -> 104,30083.419708005604,30107.53702462276,30243.581300554117,31622.237973196345
108 -> 115 -> 98  -> 96  -> 107,30136.987832625957,30170.628263347455,30226.72453824883,31306.90420454041
109 -> 107 -> 113 -> 103 -> 104,30139.924753076368,30139.924753076368,30273.78587167622,31029.643982657984
104 -> 98  -> 108 -> 114 -> 97 ,30153.609729086187,30208.19279437459,30445.65559200492,32832.518291234264
102 -> 97  -> 115 -> 108 -> 114,30156.585388059055,30236.33150919937,30270.869956749866,33111.978925616364
104 -> 98  -> 108 -> 97  -> 114,30170.104064967385,30197.675117613293,30312.432321008335,32201.796327599794
108 -> 115 -> 98  -> 107 -> 96 ,30271.687844555923,30312.760304545118,30326.492048467844,31533.27242696671
104 -> 115 -> 108 -> 97  -> 114,30274.421077603634,30292.01606745663,30361.390539529515,31741.200393727442
114 -> 108 -> 97  -> 115 -> 104,30276.848025430387,30276.848025430387,30348.355254777896,31433.273439923243
104 -> 98  -> 115 -> 108 -> 114,30305.22135076906,30316.62604292692,30336.864103055435,31457.754656717043
101 -> 104 -> 109 -> 111 -> 97 ,30309.133706780074,30322.277078444662,30334.41495068126,31543.849337116848
96  -> 108 -> 97  -> 114 -> 115,30317.541615236667,30374.379384089916,30403.58687736577,31439.968924556255
114 -> 108 -> 97  -> 115 -> 102,30347.627216528006,30363.298351423888,30394.46004043428,31335.107963386807
96  -> 112 -> 113 -> 109 -> 104,30357.155581020743,30390.975158881312,30473.33697179985,31913.740488994434
114 -> 115 -> 108 -> 102 -> 97 ,30368.469177134633,30408.534334762553,30432.153459584577,32100.619174330233
99  -> 115 -> 108 -> 114 -> 101,30368.631101847095,30368.631101847095,30450.34354528527,30863.257878877004
105 -> 97  -> 110 -> 107 -> 101,30373.980681707635,30398.12886802035,30497.741468437904,32240.87934101559
104 -> 111 -> 100 -> 99  -> 109,30395.07063030026,30395.07063030026,30478.78377497594,31483.925587520553
115 -> 114 -> 108 -> 102 -> 97 ,30396.770159371372,30418.115547928555,30440.973354823494,31661.687964437733
102 -> 114 -> 99  -> 108 -> 115,30401.064652230933,30408.468717016607,30602.92211984683,31333.321925323824
108 -> 103 -> 107 -> 115 -> 102,30402.616487262872,30457.236253282295,30515.11718815072,31934.30617629813
102 -> 114 -> 115 -> 99  -> 108,30423.734559962784,30450.528760545476,30521.4934167015,32251.773360062234
107 -> 108 -> 114 -> 97  -> 115,30426.935124463125,30462.324128760192,30628.607756105157,31758.670096508416
109 -> 113 -> 98  -> 96  -> 107,30437.23285234823,30453.615285071704,30588.96318785703,32325.08960658634
97  -> 115 -> 98  -> 96  -> 107,30447.313027018572,30457.969443699534,30543.715581775145,32493.544568617337
114 -> 115 -> 108 -> 98  -> 102,30464.574154231497,30464.574154231497,30643.525196621093,31624.41071177584
102 -> 97  -> 114 -> 108 -> 115,30483.52480257291,30492.605896395173,30492.605896395173,31747.16416139673
113 -> 100 -> 98  -> 109 -> 104,30487.68397635054,30502.63236629652,30627.651183558308,31500.455849871032
98  -> 108 -> 97  -> 115 -> 114,30506.664100498616,30528.366574108026,30540.740311727404,32198.55990492866
104 -> 108 -> 114 -> 97  -> 115,30513.97640311724,30584.545623902515,30811.50086554732,32747.444283019286
104 -> 101 -> 109 -> 111 -> 97 ,30518.178836292296,30532.85175636883,30532.85175636883,31884.082366987186
109 -> 113 -> 103 -> 107 -> 96 ,30524.39662879042,30606.95176406381,30644.21901118574,32482.380615656562
102 -> 113 -> 111 -> 100 -> 104,30547.555468639104,30584.4900259875,30870.672203886024,32860.94315849918
97  -> 114 -> 108 -> 102 -> 115,30564.728324704156,30604.620066474996,30715.30163843495,33751.0909376112
113 -> 107 -> 96  -> 98  -> 109,30589.376953532977,30598.56395589374,30711.405765763804,32330.273300663335
113 -> 103 -> 107 -> 98  -> 96 ,30611.650354933816,30701.63631828449,30747.918076688344,33027.35305396451
104 -> 109 -> 100 -> 111 -> 99 ,30611.992533860644,30647.52911881754,30738.312268155903,31600.871013304804
112 -> 108 -> 103 -> 107 -> 115,30630.454608035558,30644.941540211858,30931.192028734928,32053.861984276926
96  -> 108 -> 114 -> 115 -> 97 ,30639.73196672791,30706.28651605841,30924.935531085048,32627.84911467377
106 -> 99  -> 111 -> 100 -> 109,30694.40610347264,30698.04037514658,30911.230327509114,32921.80638145351
97  -> 114 -> 108 -> 115 -> 102,30698.84307552928,30746.509632892226,30888.609582464764,32311.18324454729
109 -> 113 -> 98  -> 107 -> 96 ,30717.799940021003,30743.052904182285,30897.59759731016,32853.87111664626
112 -> 113 -> 107 -> 96  -> 98 ,30731.489711565868,30739.835804320963,30834.31586242292,31807.661565762417
106 -> 107 -> 109 -> 113 -> 103,30733.91241221064,30743.42964950286,30762.802086779695,31405.351028081917
102 -> 97  -> 108 -> 114 -> 115,30798.38329213324,30904.47147586556,30920.284496038348,33550.53437371603
113 -> 103 -> 109 -> 104 -> 96 ,30805.88240435356,30808.604419722946,30930.006833490806,31952.363421389447
98  -> 108 -> 115 -> 97  -> 114,30811.799645640425,30844.280637028012,30847.138594141787,32768.96280275592
102 -> 113 -> 104 -> 100 -> 111,30825.43347885864,30896.74420833541,31090.458392847962,31718.006646745518
113 -> 103 -> 107 -> 96  -> 98 ,30828.592547966044,30858.884877997472,30980.65628689607,33060.26498713535
108 -> 98  -> 102 -> 97  -> 115,30832.24299471621,30858.85062366,30941.600596091455,32479.81698379913
101 -> 104 -> 109 -> 97  -> 111,30878.897528124886,30892.900375757003,30911.163737550218,32030.076907979732
97  -> 108 -> 114 -> 115 -> 102,30887.452272211372,30903.58783818918,31434.266306494916,32861.781025144046
96  -> 115 -> 111 -> 109 -> 97 ,30925.025160586178,31070.04103471615,31335.795721037175,34028.142305321264
102 -> 97  -> 115 -> 98  -> 107,30975.864721835642,31003.95561933678,31003.95561933678,33438.374832820125
103 -> 108 -> 115 -> 107 -> 102,31005.86499103098,31013.66220407411,31115.857886930302,32165.608167108727
109 -> 113 -> 103 -> 107 -> 98 ,31012.788550847683,31045.296176861146,31062.37138229407,33049.21548497226
97  -> 114 -> 108 -> 102 -> 104,31027.081028313994,31069.479121017826,31180.766892425796,33942.60120345119
106 -> 99  -> 100 -> 111 -> 104,31028.235545584543,31043.160750662362,31073.739059347132,32085.0199021589
104 -> 109 -> 100 -> 99  -> 111,31061.371741432893,31069.907960671993,31216.165288799333,32052.208623183877
106 -> 108 -> 97  -> 115 -> 114,31066.744534169044,31096.105335916043,31314.70025144856,32032.413324835892
109 -> 103 -> 113 -> 107 -> 96 ,31083.905065360257,31096.424282157688,31514.69724583933,32644.483045952446
113 -> 107 -> 109 -> 103 -> 104,31093.991221280106,31098.222853758307,31186.916191983357,32286.43181127803
111 -> 104 -> 99  -> 100 -> 109,31112.40762957612,31128.094377997644,31239.362559871897,32172.17600511021
104 -> 111 -> 100 -> 106 -> 97 ,31141.113338092167,31191.870363731497,31389.179363607407,31908.69696358659
115 -> 98  -> 107 -> 96  -> 109,31142.639884400553,31178.86842029202,31307.497771738126,33459.699274611325
115 -> 98  -> 96  -> 107 -> 109,31152.61217711118,31171.89867733123,31210.709394788093,33337.83918347438
97  -> 114 -> 108 -> 115 -> 104,31200.320537165862,31303.668977345547,31629.324198626513,34970.77091942659
111 -> 96  -> 112 -> 113 -> 103,31237.353428687828,31289.666210390737,31296.569438876762,32623.616265267483
104 -> 98  -> 115 -> 108 -> 97 ,31255.745110354994,31271.57489352287,31292.815367288676,32045.44108784446
109 -> 99  -> 100 -> 111 -> 104,31256.91080273815,31259.478452699557,31336.50382625345,33000.84401209613
102 -> 108 -> 114 -> 97  -> 115,31260.291052984896,31353.903128764257,31665.381750692868,32953.88296577848
108 -> 114 -> 100 -> 111 -> 99 ,31261.249441082102,31324.292111460913,31324.292111460913,33488.95493003586
98  -> 109 -> 104 -> 111 -> 99 ,31315.48056874207,31330.203783318844,31470.735130084027,32668.00741998682
113 -> 103 -> 109 -> 104 -> 98 ,31360.576221887386,31384.15364064424,31553.583290910552,32710.355848594
104 -> 111 -> 100 -> 109 -> 101,31365.552726786,31409.662132478465,31470.83470437555,33539.69486951587
103 -> 109 -> 104 -> 96  -> 107,31366.736497060378,31379.820550544962,31487.578055936927,32720.83312531665
99  -> 111 -> 100 -> 109 -> 97 ,31373.217078607304,31410.31707313349,31508.447056648925,32885.194893046035
108 -> 114 -> 97  -> 115 -> 111,31378.76583843217,31378.76583843217,31605.35318956473,32982.3569794052
108 -> 103 -> 107 -> 115 -> 114,31392.01510720166,31425.80850360891,31425.80850360891,32757.481225389645
108 -> 114 -> 115 -> 97  -> 102,31404.464862408135,31435.01672096197,31576.161632928815,33756.59144353897
108 -> 114 -> 97  -> 115 -> 96 ,31442.51835605126,31498.87625048798,31542.797429763927,33875.578283521216
115 -> 108 -> 97  -> 114 -> 102,31445.794661653938,31500.145534005136,31555.3026456313,33080.46291263554
97  -> 108 -> 114 -> 115 -> 104,31457.754873742924,31563.24046969987,31695.520175732025,33413.62737503537
103 -> 113 -> 104 -> 111 -> 100,31459.91083173213,31525.630967039855,31614.367753705978,32784.54698813046
112 -> 113 -> 103 -> 104 -> 109,31467.536373957286,31478.470184073765,31640.24964740278,32100.654773768263
103 -> 102 -> 113 -> 100 -> 111,31502.454794133824,31530.792847323904,32179.726403260913,
108 -> 114 -> 111 -> 100 -> 99 ,31541.519130851622,31561.14408027536,31834.582529149557,33660.547714686865
114 -> 115 -> 98  -> 97  -> 102,31548.519592443958,31616.48046703448,31661.308734271868,33936.380338034185
114 -> 98  -> 102 -> 97  -> 115,31582.633646865674,31628.737709628265,31732.873903327356,33418.23002399832
113 -> 109 -> 104 -> 107 -> 96 ,31583.254037704435,31601.349604721312,31727.90129210136,32942.71311635432
106 -> 108 -> 115 -> 97  -> 114,31632.739526440582,31651.985283714097,31742.21905502712,33312.262583440985
113 -> 104 -> 111 -> 100 -> 109,31647.94154140012,31716.835305292334,31806.426447725415,33836.810629860855
96  -> 112 -> 107 -> 113 -> 103,31649.474612397393,31654.731060627295,31773.767148304036,32325.704053917725
102 -> 113 -> 100 -> 111 -> 104,31649.683799927567,31682.58664878356,32297.05006262986,
112 -> 113 -> 107 -> 98  -> 96 ,31653.938914644605,31665.837620567185,31819.797245709702,33405.92796598262
108 -> 104 -> 111 -> 100 -> 109,31684.035155855014,31684.035155855014,31910.9187113301,
99  -> 100 -> 111 -> 104 -> 109,31716.519088379362,31756.111967227673,31790.97258251405,32641.4432158954
97  -> 114 -> 108 -> 111 -> 105,31735.689020586673,31769.076811493745,31867.13787854922,34605.70395551447
103 -> 113 -> 104 -> 107 -> 96 ,31736.51462702947,31747.846835014163,31922.787983671515,32967.412013292575
103 -> 113 -> 111 -> 100 -> 109,31738.226112023294,31775.28241968468,31775.28241968468,
114 -> 99  -> 115 -> 108 -> 102,31743.842240422513,31743.92529952638,31946.021164033198,33454.97071420634
112 -> 96  -> 113 -> 109 -> 103,31774.40966709938,31782.11310233963,31859.559874722967,33305.65387049689
104 -> 108 -> 103 -> 107 -> 115,31779.058144194234,31779.42405700902,31912.526832037696,32708.622437037375
106 -> 115 -> 108 -> 114 -> 97 ,31783.349923036512,31804.285212872644,31816.457362400517,33261.76658969901
99  -> 104 -> 109 -> 100 -> 111,31793.144100500445,31810.481114726754,31903.5393972875,33032.42092454475
104 -> 100 -> 111 -> 99  -> 109,31794.01912174635,31826.134410262493,31938.620979734034,32719.151564374264
106 -> 107 -> 113 -> 109 -> 103,31803.610960452643,31805.29384838695,31868.921463151455,32763.786240938465
106 -> 97  -> 114 -> 108 -> 102,31808.540839034245,31896.18103100653,31956.770217690522,34308.878007166226
103 -> 113 -> 107 -> 98  -> 109,31815.716844365616,31822.719646259953,31822.719646259953,34404.3119601786
98  -> 108 -> 115 -> 114 -> 97 ,31818.11358860619,31819.23170932113,31934.583944488222,33865.06779870722
104 -> 115 -> 107 -> 103 -> 109,31833.97872060554,31853.904073696733,31853.904073696733,34056.537867839754
97  -> 115 -> 98  -> 107 -> 96 ,31836.11607088389,31883.052851535642,31966.113808857986,34750.637897333596
107 -> 113 -> 109 -> 103 -> 104,31841.642431448694,31861.285744894645,31953.973972788746,32829.61855817469
96  -> 108 -> 103 -> 115 -> 107,31867.575631397645,31873.26967295334,31909.267514940406,33993.04481156823
103 -> 113 -> 107 -> 98  -> 106,31877.524903678815,31956.349837767826,32019.63076011037,33193.78470171298
115 -> 108 -> 100 -> 114 -> 102,31905.15789828666,31905.15789828666,32024.245655992636,33489.30230096321
106 -> 112 -> 113 -> 103 -> 109,31906.51169678704,31984.20342040729,31984.20342040729,33399.62137644101
100 -> 113 -> 98  -> 109 -> 104,31957.890063937986,31964.760911640937,32168.796990253286,32962.75978113573
102 -> 114 -> 108 -> 115 -> 97 ,31967.069282507044,32045.94588065494,32325.39695603578,34621.661603282664
113 -> 103 -> 109 -> 96  -> 107,31981.98328271348,32001.397545973465,32209.11501124799,33318.138756430955
104 -> 109 -> 113 -> 111 -> 105,31984.890344070292,31992.45751830942,32070.759064926642,34359.50517483684
108 -> 97  -> 115 -> 114 -> 99 ,31999.883227172984,32038.12956688863,32153.639161098385,33191.17045459881
109 -> 103 -> 113 -> 107 -> 98 ,32009.836437924438,32131.33979567949,32252.56153967671,33183.10622401848
98  -> 109 -> 111 -> 99  -> 100,32012.61422224462,32031.37552711636,32066.32391550588,33721.583901795486
114 -> 108 -> 115 -> 98  -> 102,32052.318040769132,32068.36616111183,32140.539272931666,33489.18065394422
114 -> 97  -> 108 -> 102 -> 115,32053.490811527023,32074.209761004415,32296.345475017464,34498.90783604747
104 -> 100 -> 109 -> 111 -> 99 ,32066.70084932417,32077.416687840752,32238.13115350715,32988.53285795373
108 -> 97  -> 114 -> 115 -> 107,32085.375179911905,32144.740332480833,32311.00729803207,34268.66950464961
96  -> 115 -> 111 -> 97  -> 109,32086.064519147356,32153.080995812736,32334.273251271465,34853.3402528278
104 -> 108 -> 97  -> 114 -> 115,32087.54864100121,32114.40849297981,32258.77950969712,34898.90439991626
96  -> 103 -> 113 -> 109 -> 104,32102.295376801318,32158.040910829826,32206.554537099615,33938.06276567612
96  -> 112 -> 113 -> 103 -> 104,32108.564826795486,32131.85533637387,32288.336804138828,33425.891985071656
108 -> 115 -> 114 -> 97  -> 102,32120.850203128386,32164.685714202285,32195.371151984444,34052.74501688979
106 -> 114 -> 108 -> 97  -> 115,32139.14653413571,32191.849401359537,32225.2809301535,32734.019856595445
104 -> 109 -> 111 -> 99  -> 100,32147.230602654396,32176.87098420343,32215.22716048907,33878.20568594272
104 -> 111 -> 109 -> 100 -> 99 ,32164.357501948136,32204.10729534212,32248.356173886084,33102.7722111017
108 -> 97  -> 114 -> 115 -> 109,32175.21455157794,32187.657657360367,32353.924622911603,34651.547232305114
99  -> 114 -> 115 -> 98  -> 96 ,32181.626904963377,32241.054780691935,32587.5403423763,34538.32263611828
111 -> 96  -> 112 -> 113 -> 109,32213.525888584896,32238.262318362446,32309.943837274488,33744.70281315522
103 -> 113 -> 109 -> 104 -> 107,32215.34650363585,32298.615319696764,32305.102687336446,33984.81552214923
108 -> 114 -> 115 -> 97  -> 99 ,32233.174335083804,32306.815373427977,32520.409192442712,34312.06035937365
112 -> 105 -> 96  -> 103 -> 111,32238.052743313157,32262.633500619555,32380.301328751382,34063.04507948618
115 -> 97  -> 114 -> 108 -> 102,32249.307894456862,32281.655407048565,32373.208519503496,34965.89362618451
112 -> 107 -> 113 -> 103 -> 109,32264.301746226585,32277.55990562779,32447.779580497638,32829.161242920665
106 -> 97  -> 114 -> 108 -> 115,32272.06074077204,32325.84386123294,32325.84386123294,34437.95120985161
104 -> 107 -> 109 -> 113 -> 96 ,32274.842595535443,32287.8531473073,32323.74247728294,
106 -> 97  -> 108 -> 114 -> 115,32278.400702672745,32288.66696659865,32676.80438125657,33922.290233524895
105 -> 110 -> 97  -> 107 -> 101,32278.45708372753,32303.493249962452,32343.755926597787,34200.25921670139
104 -> 98  -> 115 -> 97  -> 114,32292.120213982384,32305.497933012095,32346.067994879217,34993.93889011086
100 -> 115 -> 108 -> 114 -> 102,32307.264527778774,32363.599032272334,32477.73988493348,34594.674430602754
100 -> 115 -> 108 -> 102 -> 114,32323.63954616727,32373.401551277548,32439.754877165808,34567.63498444547
115 -> 113 -> 100 -> 114 -> 102,32349.351477904194,32349.351477904194,32460.639702765475,33687.85694250409
99  -> 111 -> 100 -> 106 -> 97 ,32379.243458775312,32414.739167356303,32608.551605401437,33796.03458395212
114 -> 97  -> 108 -> 102 -> 104,32397.468433555292,32423.910411283126,32529.380645783982,34690.41810188745
108 -> 114 -> 97  -> 115 -> 113,32400.27313317119,32440.149976404377,32723.18164646886,
107 -> 96  -> 108 -> 114 -> 97 ,32435.814372777313,32441.946934051775,32637.767569712425,33942.531396975275
111 -> 112 -> 113 -> 103 -> 109,32446.103545182286,32463.83841499606,32468.95178346499,34361.54726551353
104 -> 99  -> 100 -> 111 -> 109,32453.82225511789,32496.389582824482,32718.626654366282,33869.733232611456
103 -> 113 -> 96  -> 107 -> 98 ,32464.95559717977,32486.040783481614,32648.618657785155,33664.584996288824
114 -> 99  -> 115 -> 108 -> 101,32511.38335237709,32563.25044856665,32651.379917138314,33832.058292627014
109 -> 104 -> 100 -> 111 -> 99 ,32520.743085404763,32535.30894418659,32568.50123541266,33507.684444206156
103 -> 113 -> 96  -> 98  -> 107,32523.04568591768,32545.34862807239,32606.638646578733,34369.83475267218
114 -> 97  -> 108 -> 115 -> 102,32523.985191330637,32549.793106063884,32615.53397152274,34398.90670924335
111 -> 109 -> 97  -> 101 -> 104,32527.46845176206,32527.46845176206,32707.83973154864,33423.022494929384
104 -> 111 -> 100 -> 109 -> 106,32544.828238530812,32569.154848104678,32646.240735011685,33913.092271668356
109 -> 107 -> 112 -> 113 -> 103,32545.065165635086,32598.67530565204,32648.779035621337,34105.54598299945
115 -> 108 -> 114 -> 98  -> 97 ,32550.450750061133,32566.053533172493,32595.418683368967,34609.89184160737
114 -> 97  -> 115 -> 108 -> 96 ,32551.70690857754,32562.609529598878,32785.66112535476,33926.14355488065
104 -> 101 -> 97  -> 111 -> 109,32565.400907442727,32572.0239496265,32641.596253265634,33605.657044654436
112 -> 96  -> 107 -> 113 -> 103,32576.35277447813,32637.046532356675,32791.20184408267,33425.51222798496
113 -> 109 -> 107 -> 96  -> 98 ,32581.046287976456,32620.210277623835,32712.0813542526,34865.79071659469
96  -> 112 -> 107 -> 109 -> 103,32615.036565780763,32644.535060773494,32644.535060773494,33480.81904403361
96  -> 115 -> 108 -> 114 -> 97 ,32624.078377727652,32632.63770651694,32718.684962483418,34868.18641491421
115 -> 98  -> 96  -> 107 -> 104,32628.288207045633,32644.90211348732,32669.980581155523,34653.85754635694
108 -> 114 -> 97  -> 115 -> 99 ,32645.384722162198,32763.069865062946,32855.36893156302,33933.163739357115
102 -> 113 -> 103 -> 111 -> 100,32658.9058487875,32740.225663422276,33088.731816950014,34564.94599659816
99  -> 104 -> 111 -> 109 -> 100,32660.613807546335,32691.281672958976,32691.281672958976,33248.806219437436
96  -> 115 -> 113 -> 108 -> 100,32682.867989329694,32816.23001539628,32918.36974605954,
103 -> 113 -> 111 -> 100 -> 104,32711.633249810227,32816.51419224714,32930.4566769105,34585.692432380325
106 -> 107 -> 113 -> 109 -> 104,32713.706312625105,32751.63783835337,32758.47393410521,34535.49660110078
108 -> 115 -> 97  -> 114 -> 99 ,32715.803278491294,32738.476629046796,32738.476629046796,34417.72913772268
104 -> 98  -> 115 -> 114 -> 97 ,32719.03616682799,32724.53270004328,32765.102761910402,
103 -> 113 -> 107 -> 96  -> 109,32737.682961186045,32768.84703195873,32768.84703195873,
112 -> 102 -> 113 -> 100 -> 111,32738.920661198033,33045.373893799915,33045.373893799915,
108 -> 115 -> 114 -> 98  -> 97 ,32755.11225942191,32766.544184410603,32815.79521124578,34681.99923495117
96  -> 108 -> 97  -> 115 -> 114,32759.25864380379,32833.90527959572,32945.94195771862,34222.72703864497
114 -> 97  -> 115 -> 108 -> 107,32763.197495396733,32798.58899460548,32859.83618444958,34694.03253950123
104 -> 107 -> 109 -> 113 -> 106,32786.624978313324,32810.81988463099,32940.92553788743,34604.61226209419
104 -> 111 -> 100 -> 97  -> 106,32790.11229307241,32845.2051383364,33102.31074456731,34223.94493611995
114 -> 108 -> 98  -> 97  -> 102,32805.40223342947,32840.52448230254,33014.787050327584,34865.04300320661
96  -> 103 -> 113 -> 104 -> 109,32818.656428827286,32856.51908983229,32992.32870835552,34287.131353907476
112 -> 102 -> 113 -> 103 -> 115,32828.58153491687,32889.043303852515,33692.756839932605,
99  -> 104 -> 111 -> 100 -> 106,32829.93064043233,32958.22551052292,33002.7452100082,33489.23783262956
112 -> 108 -> 103 -> 115 -> 107,32832.71785998133,32834.143521472855,33103.25470009332,34235.19183107291
103 -> 113 -> 104 -> 109 -> 98 ,32841.5221022026,32861.61013824143,32919.08814278777,34991.95082969646
113 -> 103 -> 104 -> 107 -> 96 ,32843.76903689498,32886.817903516305,32947.91025562181,33970.266843520454
109 -> 104 -> 111 -> 99  -> 100,32849.313185752246,32873.30590691288,32992.763517065876,34202.426798740285
108 -> 115 -> 107 -> 103 -> 109,32850.0057264356,32875.51546276404,32968.17479602015,34473.17421844197
114 -> 115 -> 108 -> 102 -> 98 ,32851.365484869544,32882.50801945015,32921.09658370703,34072.52698824181
109 -> 111 -> 97  -> 101 -> 104,32859.82043507012,32880.179905672834,32935.94925954155,34063.53109757395
115 -> 100 -> 113 -> 114 -> 102,32860.12731855049,32923.13214422262,32952.73864752062,34619.97338531422
115 -> 108 -> 114 -> 102 -> 98 ,32869.00453074948,32879.7738255172,32911.585254517355,34205.93540039225
102 -> 103 -> 113 -> 100 -> 111,32869.99692702254,32953.37809631566,33143.048246249295,
115 -> 114 -> 98  -> 97  -> 102,32879.04783286867,32897.03440812272,33011.61665623124,34945.6205644107
104 -> 115 -> 107 -> 108 -> 102,32882.7657179077,32896.87583957049,32933.82348505096,34606.150357566454
99  -> 104 -> 111 -> 100 -> 97 ,32899.644878690095,32963.61399989451,33184.09460328325,34105.90478848998
108 -> 115 -> 114 -> 102 -> 98 ,32902.595321293906,32912.69818679841,32959.554406939074,34143.963271533416
115 -> 100 -> 108 -> 114 -> 102,32911.43765459307,32935.1373171355,33050.93713301096,34856.46008990154
109 -> 99  -> 104 -> 111 -> 100,32923.335842677705,32946.006637124985,32946.006637124985,33957.48080539645
107 -> 109 -> 113 -> 103 -> 112,32932.389413223274,32967.07363628784,32967.07363628784,34118.18337451293
115 -> 100 -> 108 -> 102 -> 114,32943.12790809391,32968.487270390106,33038.99283026908,34994.59775104112
106 -> 99  -> 100 -> 111 -> 109,32945.79636924342,32957.565520301396,33199.363467639865,34772.704234480436
112 -> 96  -> 103 -> 113 -> 107,32950.18325334932,32990.3599236713,33023.3261697133,34791.16277417523
102 -> 113 -> 111 -> 100 -> 99 ,32960.87772142624,33133.58742811727,33380.48692956002,
104 -> 100 -> 111 -> 109 -> 99 ,32961.844015797324,32984.178630900016,33069.11257869289,33895.21557249614
113 -> 109 -> 107 -> 98  -> 96 ,32983.84836102133,32994.74397991741,33165.199001096415,34571.46439683437
96  -> 103 -> 113 -> 107 -> 98 ,32998.783571030246,32998.80737824522,33270.29495864552,34502.831514040896
108 -> 102 -> 114 -> 115 -> 99 ,33002.182001430105,33054.758813873734,33125.72347002976,
99  -> 100 -> 104 -> 111 -> 109,33005.66677213005,33019.941021185405,33105.83351435898,34050.73710957008
98  -> 109 -> 99  -> 100 -> 111,33022.482406115865,33031.92611327392,33112.993099952815,
108 -> 114 -> 98  -> 97  -> 102,33036.57617190874,33048.0932088597,33260.34587434989,34875.75835785488
108 -> 114 -> 100 -> 111 -> 109,33039.95213121049,33102.040004096765,33191.421080351516,
96  -> 113 -> 103 -> 104 -> 109,33047.90908143171,33078.79700518645,33078.79700518645,34539.46109828472
100 -> 113 -> 109 -> 104 -> 112,33049.1299100468,33073.66725661898,33073.66725661898,
113 -> 100 -> 98  -> 109 -> 112,33058.8487624495,33107.04852171885,33150.66564847386,34689.23689685102
108 -> 97  -> 114 -> 115 -> 98 ,33071.42172798761,33147.249716756814,33397.343249772675,
107 -> 109 -> 103 -> 113 -> 104,33087.749607827835,33148.70487523096,33196.00658246087,34727.83756134104
108 -> 114 -> 100 -> 111 -> 104,33089.98224478269,33089.98224478269,33734.64125953758,
112 -> 113 -> 102 -> 111 -> 100,33099.99793621615,33186.154699384526,,
115 -> 114 -> 108 -> 98  -> 102,33102.568389725864,33109.36906896467,33132.47594282081,34526.370185031046
107 -> 96  -> 98  -> 111 -> 105,33112.738579472716,33160.73088606013,33197.0046402905,34257.949633874814
103 -> 113 -> 109 -> 107 -> 96 ,33113.54852797438,33139.94317888823,33235.53672857792,34941.74923639052
114 -> 97  -> 108 -> 104 -> 115,33121.64653712284,33206.700139973684,33273.57024257179,
111 -> 112 -> 113 -> 109 -> 103,33126.91915344514,33132.976499353106,33288.25514875105,
106 -> 112 -> 113 -> 109 -> 103,33130.9165217099,33179.86792039257,33237.79301899272,34505.185367711696
104 -> 111 -> 99  -> 100 -> 109,33178.943929465924,33193.99465340322,33316.42966918196,34276.46929774084
114 -> 97  -> 108 -> 111 -> 105,33193.22691394953,33214.87003578846,33403.97174608668,
115 -> 114 -> 108 -> 97  -> 102,33208.734429972115,33253.28932524113,33253.28932524113,
106 -> 99  -> 104 -> 111 -> 100,33214.9257269571,33225.0297840572,33374.37748521697,34189.634077315044
97  -> 114 -> 108 -> 104 -> 115,33218.12770640688,33261.18266348442,33379.70597151755,
106 -> 100 -> 99  -> 104 -> 109,33219.22555391294,33219.22555391294,33219.22555391294,34986.8185760745
96  -> 112 -> 109 -> 113 -> 103,33235.64961922497,33320.62881547339,33320.62881547339,33726.81124677001
104 -> 115 -> 98  -> 96  -> 107,33240.535096278516,33287.29369156943,33288.15569116153,
111 -> 96  -> 113 -> 103 -> 109,33261.59733578486,33339.52572022032,33435.156274187095,
96  -> 107 -> 113 -> 103 -> 109,33270.40931493554,33328.730751142255,33328.730751142255,34105.746051274626
103 -> 113 -> 111 -> 100 -> 99 ,33276.48854933806,33331.75341131561,33570.90770752557,
104 -> 101 -> 109 -> 97  -> 111,33288.610415957985,33289.419566644865,33397.37322977533,
112 -> 113 -> 103 -> 107 -> 98 ,33303.344647942286,33348.38429544262,33460.61436597946,
100 -> 98  -> 113 -> 109 -> 104,33317.19193080289,33371.06179169245,33371.06179169245,33749.397627877566
101 -> 104 -> 111 -> 97  -> 109,33325.99478497986,33347.124541672434,33417.7826719039,34529.53741482696
112 -> 113 -> 103 -> 107 -> 96 ,33347.01485236711,33428.87087156008,33563.81911509961,
108 -> 104 -> 111 -> 100 -> 99 ,33347.570907893525,33407.67577311496,33648.03360726879,
103 -> 113 -> 100 -> 111 -> 104,33351.70886975872,33447.982513523886,33669.43036840031,
98  -> 109 -> 99  -> 111 -> 100,33361.27675898595,33407.595343270834,33492.94476916919,
112 -> 96  -> 103 -> 113 -> 109,33366.56504548092,33372.13819917657,33394.62019543937,
97  -> 114 -> 108 -> 113 -> 100,33378.395983703216,33439.21916001122,33523.64260951911,
112 -> 113 -> 104 -> 111 -> 100,33384.81370104436,33411.41677296815,33677.71135298089,
99  -> 115 -> 108 -> 102 -> 114,33386.94047359294,33395.493976321966,,
113 -> 108 -> 115 -> 102 -> 114,33393.91985591235,33410.51722700844,33410.51722700844,
107 -> 96  -> 98  -> 113 -> 100,33395.58257539233,33395.58257539233,33537.06433340353,34636.422756748834
104 -> 99  -> 109 -> 100 -> 111,33402.273404576146,33406.46617399263,33543.87227991512,34253.16395353472
106 -> 115 -> 108 -> 97  -> 114,33429.81771730012,33460.79067779192,33473.85608297812,34401.16822128353
96  -> 115 -> 109 -> 111 -> 97 ,33435.094221954525,33484.79553965533,,
115 -> 104 -> 111 -> 100 -> 109,33448.611542847095,33497.95452406855,33565.15584260505,
115 -> 108 -> 102 -> 98  -> 104,33452.22686149493,33476.62275410586,33488.84266845483,
113 -> 103 -> 98  -> 96  -> 107,33473.33641433307,33487.1302212827,33648.346429151294,
114 -> 99  -> 115 -> 108 -> 113,33475.5356870574,33501.72298355102,33532.45908848135,34014.691302789106
113 -> 109 -> 104 -> 96  -> 107,33484.668699746486,33516.491092548866,33560.335629658075,34765.07818691652
114 -> 115 -> 108 -> 97  -> 102,33486.100655249546,33489.08891075397,33601.40690775397,
101 -> 104 -> 111 -> 109 -> 97 ,33488.97181636511,33510.17944187513,33576.3609505693,34689.96337182533
113 -> 103 -> 109 -> 107 -> 98 ,33529.25845140621,33534.88281181684,33656.34659139833,35027.412915481014
99  -> 104 -> 100 -> 109 -> 111,33533.75458179835,33547.47354092466,33547.47354092466,34563.64105840557
106 -> 108 -> 115 -> 114 -> 97 ,33553.39378676186,33565.55249790095,33693.867050057655,34926.33914039272
114 -> 97  -> 115 -> 98  -> 100,33555.40657808067,33593.5550336256,33658.76983904261,
106 -> 107 -> 109 -> 113 -> 104,33561.275560711736,33582.46594232825,33582.46594232825,
103 -> 113 -> 109 -> 104 -> 96 ,33578.71953726528,33653.453682119085,33653.453682119085,
112 -> 96  -> 103 -> 109 -> 104,33585.285167938935,33602.0617017892,33685.24502125752,
103 -> 108 -> 107 -> 115 -> 102,33591.25135547389,33591.25135547389,33649.690157085905,34837.20298320962
109 -> 100 -> 99  -> 104 -> 111,33594.67343059885,33609.07441243387,33719.516841328616,
103 -> 115 -> 107 -> 108 -> 102,33625.61723391089,33664.23525682418,33678.543743978764,
114 -> 97  -> 108 -> 115 -> 104,33627.15700348528,33687.28860517661,33839.54597187161,
109 -> 100 -> 99  -> 111 -> 101,33627.76161971445,33660.60923321292,33806.866561340255,
113 -> 103 -> 98  -> 107 -> 96 ,33628.02971138868,33654.21978033538,33775.3234057881,
102 -> 113 -> 99  -> 111 -> 100,33641.91941514762,33691.707988174036,,34794.7502620446
104 -> 115 -> 108 -> 103 -> 107,33653.59874234741,33667.4753323796,,34883.648889425225
101 -> 109 -> 111 -> 97  -> 106,33659.557864969356,33659.557864969356,33768.22780647685,
112 -> 103 -> 107 -> 115 -> 108,33663.4874579242,33698.0503891666,33715.485374027194,
101 -> 104 -> 97  -> 111 -> 109,33675.01587728859,33698.91322985187,33698.91322985187,
103 -> 113 -> 104 -> 96  -> 107,33675.09310848443,33716.80909956327,,34871.69679539946
108 -> 104 -> 115 -> 107 -> 103,33677.684084101485,33709.16459309828,33773.10517007936,
100 -> 114 -> 115 -> 99  -> 113,33681.14107041522,33736.084959314205,,
108 -> 114 -> 97  -> 115 -> 100,33692.49581806983,33730.29416086762,,
107 -> 103 -> 113 -> 109 -> 104,33693.23242443471,,,34547.53544551328
98  -> 96  -> 107 -> 104 -> 115,33698.07673221789,33735.633528827995,33807.76358177348,
102 -> 113 -> 111 -> 100 -> 109,33705.89797449342,33709.97814298325,,
103 -> 113 -> 104 -> 100 -> 111,,33747.16351214182,,
104 -> 100 -> 99  -> 111 -> 109,,,33835.5517206271,
104 -> 108 -> 103 -> 115 -> 107,,,,34888.717610698106
106 -> 114 -> 108 -> 115 -> 97 ,,,,34890.259374364556
106 -> 98  -> 96  -> 107 -> 109,,,,34595.007755063045
107 -> 103 -> 113 -> 104 -> 109,,,,34896.60403374463
107 -> 108 -> 97  -> 114 -> 115,,33750.174122573764,,
111 -> 104 -> 99  -> 109 -> 100,,,,34990.66159704355
111 -> 109 -> 101 -> 104 -> 99 ,,,33820.9691375049,
111 -> 96  -> 112 -> 113 -> 107,,33731.122702139306,33783.1553204285,
112 -> 107 -> 103 -> 108 -> 115,,,,35034.68873647233
112 -> 115 -> 107 -> 108 -> 102,,,33830.66137253688,
115 -> 102 -> 114 -> 97  -> 108,,,33842.372404855705,
115 -> 114 -> 108 -> 102 -> 98 ,,,,34960.696197463025
115 -> 98  -> 108 -> 114 -> 97 ,,,,34937.35065728899
96  -> 107 -> 113 -> 104 -> 109,,,,34581.82586786647
98  -> 109 -> 111 -> 100 -> 99 ,,,,34973.48917374582
99  -> 115 -> 108 -> 101 -> 114,,,33816.018739623854,34226.626193578755
